customer_id,name,age,city,signup_date,is_active
1,Customer 1,23,Lviv,2023-01-01,False
2,Customer 2,62,Dnipro,2023-01-04,False
3,Customer 3,55,Odesa,2023-01-07,True
4,Customer 4,43,Kharkiv,2023-01-10,True
5,Customer 5,42,Odesa,2023-01-13,True
6,Customer 6,66,Lviv,2023-01-16,True
7,Customer 7,22,Kharkiv,2023-01-19,True
8,Customer 8,57,Dnipro,2023-01-22,True
9,Customer 9,29,Lviv,2023-01-25,True
10,Customer 10,23,Kharkiv,2023-01-28,True
11,Customer 11,48,Lviv,2023-01-31,True
12,Customer 12,73,Kharkiv,2023-02-03,True
13,Customer 13,59,Kharkiv,2023-02-06,True
14,Customer 14,61,Odesa,2023-02-09,False
15,Customer 15,58,Kharkiv,2023-02-12,False
16,Customer 16,62,Lviv,2023-02-15,False
17,Customer 17,47,Kyiv,2023-02-18,True
18,Customer 18,25,Kyiv,2023-02-21,True
19,Customer 19,65,Odesa,2023-02-24,False
20,Customer 20,43,Dnipro,2023-02-27,True
21,Customer 21,46,Kyiv,2023-03-02,True
22,Customer 22,39,Odesa,2023-03-05,True
23,Customer 23,28,Kharkiv,2023-03-08,True
24,Customer 24,70,Lviv,2023-03-11,False
25,Customer 25,62,Kharkiv,2023-03-14,True
26,Customer 26,54,Lviv,2023-03-17,False
27,Customer 27,40,Dnipro,2023-03-20,True
28,Customer 28,64,Odesa,2023-03-23,True
29,Customer 29,49,Odesa,2023-03-26,True
30,Customer 30,43,Kyiv,2023-03-29,True
31,Customer 31,43,Odesa,2023-04-01,True
32,Customer 32,30,Dnipro,2023-04-04,True
33,Customer 33,23,Kyiv,2023-04-07,False
34,Customer 34,49,Kharkiv,2023-04-10,True
35,Customer 35,68,Odesa,2023-04-13,False
36,Customer 36,21,Kharkiv,2023-04-16,False
37,Customer 37,66,Kharkiv,2023-04-19,True
38,Customer 38,65,Odesa,2023-04-22,False
39,Customer 39,33,Lviv,2023-04-25,True
40,Customer 40,54,Kharkiv,2023-04-28,True
41,Customer 41,27,Kyiv,2023-05-01,False
42,Customer 42,61,Odesa,2023-05-04,False
43,Customer 43,57,Kyiv,2023-05-07,True
44,Customer 44,38,Kharkiv,2023-05-10,True
45,Customer 45,21,Kharkiv,2023-05-13,True
46,Customer 46,73,Kyiv,2023-05-16,False
47,Customer 47,43,Kharkiv,2023-05-19,True
48,Customer 48,68,Odesa,2023-05-22,True
49,Customer 49,56,Kharkiv,2023-05-25,True
50,Customer 50,62,Kyiv,2023-05-28,True
51,Customer 51,61,Kyiv,2023-05-31,True
52,Customer 52,29,Odesa,2023-06-03,False
53,Customer 53,38,Kyiv,2023-06-06,True
54,Customer 54,44,Lviv,2023-06-09,True
55,Customer 55,46,Kharkiv,2023-06-12,True
56,Customer 56,20,Kyiv,2023-06-15,False
57,Customer 57,49,Kharkiv,2023-06-18,False
58,Customer 58,26,Kyiv,2023-06-21,True
59,Customer 59,60,Kyiv,2023-06-24,True
60,Customer 60,56,Odesa,2023-06-27,True
61,Customer 61,70,Kharkiv,2023-06-30,True
62,Customer 62,60,Kyiv,2023-07-03,False
63,Customer 63,38,Lviv,2023-07-06,True
64,Customer 64,73,Dnipro,2023-07-09,True
65,Customer 65,41,Dnipro,2023-07-12,False
66,Customer 66,36,Odesa,2023-07-15,True
67,Customer 67,69,Odesa,2023-07-18,True
68,Customer 68,39,Lviv,2023-07-21,True
69,Customer 69,22,Kharkiv,2023-07-24,True
70,Customer 70,44,Odesa,2023-07-27,True
71,Customer 71,63,Lviv,2023-07-30,True
72,Customer 72,28,Kyiv,2023-08-02,True
73,Customer 73,44,Kyiv,2023-08-05,True
74,Customer 74,25,Dnipro,2023-08-08,True
75,Customer 75,57,Odesa,2023-08-11,True
76,Customer 76,45,Odesa,2023-08-14,True
77,Customer 77,36,Odesa,2023-08-17,True
78,Customer 78,30,Kharkiv,2023-08-20,True
79,Customer 79,50,Kyiv,2023-08-23,False
80,Customer 80,56,Kyiv,2023-08-26,False
81,Customer 81,71,Lviv,2023-08-29,True
82,Customer 82,42,Odesa,2023-09-01,True
83,Customer 83,27,Kharkiv,2023-09-04,True
84,Customer 84,65,Odesa,2023-09-07,True
85,Customer 85,53,Odesa,2023-09-10,True
86,Customer 86,57,Dnipro,2023-09-13,True
87,Customer 87,23,Kyiv,2023-09-16,True
88,Customer 88,35,Odesa,2023-09-19,True
89,Customer 89,61,Odesa,2023-09-22,True
90,Customer 90,65,Odesa,2023-09-25,True
91,Customer 91,42,Dnipro,2023-09-28,False
92,Customer 92,63,Lviv,2023-10-01,True
93,Customer 93,65,Dnipro,2023-10-04,False
94,Customer 94,40,Lviv,2023-10-07,True
95,Customer 95,69,Odesa,2023-10-10,False
96,Customer 96,34,Odesa,2023-10-13,False
97,Customer 97,31,Dnipro,2023-10-16,False
98,Customer 98,56,Odesa,2023-10-19,False
99,Customer 99,54,Lviv,2023-10-22,False
100,Customer 100,25,Kyiv,2023-10-25,True
101,Customer 101,65,Lviv,2023-10-28,False
102,Customer 102,29,Dnipro,2023-10-31,True
103,Customer 103,63,Kyiv,2023-11-03,True
104,Customer 104,18,Dnipro,2023-11-06,True
105,Customer 105,63,Odesa,2023-11-09,False
106,Customer 106,62,Kyiv,2023-11-12,True
107,Customer 107,62,Lviv,2023-11-15,True
108,Customer 108,55,Odesa,2023-11-18,True
109,Customer 109,44,Lviv,2023-11-21,True
110,Customer 110,58,Kyiv,2023-11-24,True
111,Customer 111,33,Kharkiv,2023-11-27,True
112,Customer 112,62,Kharkiv,2023-11-30,True
113,Customer 113,49,Kyiv,2023-12-03,True
114,Customer 114,44,Lviv,2023-12-06,True
115,Customer 115,46,Lviv,2023-12-09,True
116,Customer 116,50,Kharkiv,2023-12-12,True
117,Customer 117,20,Kharkiv,2023-12-15,True
118,Customer 118,25,Kharkiv,2023-12-18,True
119,Customer 119,31,Dnipro,2023-12-21,True
120,Customer 120,24,Kharkiv,2023-12-24,False
121,Customer 121,43,Lviv,2023-12-27,False
122,Customer 122,56,Kyiv,2023-12-30,True
123,Customer 123,55,Kharkiv,2024-01-02,True
124,Customer 124,44,Dnipro,2024-01-05,True
125,Customer 125,66,Dnipro,2024-01-08,False
126,Customer 126,50,Lviv,2024-01-11,True
127,Customer 127,22,Lviv,2024-01-14,False
128,Customer 128,61,Kyiv,2024-01-17,True
129,Customer 129,50,Kyiv,2024-01-20,True
130,Customer 130,54,Odesa,2024-01-23,True
131,Customer 131,50,Odesa,2024-01-26,False
132,Customer 132,49,Lviv,2024-01-29,True
133,Customer 133,23,Lviv,2024-02-01,True
134,Customer 134,49,Dnipro,2024-02-04,False
135,Customer 135,63,Odesa,2024-02-07,True
136,Customer 136,35,Dnipro,2024-02-10,True
137,Customer 137,52,Dnipro,2024-02-13,True
138,Customer 138,19,Lviv,2024-02-16,False
139,Customer 139,37,Lviv,2024-02-19,True
140,Customer 140,42,Dnipro,2024-02-22,False
141,Customer 141,74,Kharkiv,2024-02-25,True
142,Customer 142,30,Lviv,2024-02-28,False
143,Customer 143,33,Kharkiv,2024-03-02,False
144,Customer 144,41,Odesa,2024-03-05,True
145,Customer 145,74,Dnipro,2024-03-08,False
146,Customer 146,66,Lviv,2024-03-11,False
147,Customer 147,19,Dnipro,2024-03-14,False
148,Customer 148,31,Dnipro,2024-03-17,True
149,Customer 149,64,Kyiv,2024-03-20,True
150,Customer 150,21,Kyiv,2024-03-23,True
151,Customer 151,66,Odesa,2024-03-26,True
152,Customer 152,34,Kyiv,2024-03-29,True
153,Customer 153,70,Lviv,2024-04-01,True
154,Customer 154,34,Odesa,2024-04-04,True
155,Customer 155,42,Dnipro,2024-04-07,True
156,Customer 156,55,Dnipro,2024-04-10,True
157,Customer 157,25,Kyiv,2024-04-13,False
158,Customer 158,49,Dnipro,2024-04-16,False
159,Customer 159,46,Kyiv,2024-04-19,True
160,Customer 160,62,Kharkiv,2024-04-22,True
161,Customer 161,74,Dnipro,2024-04-25,False
162,Customer 162,55,Dnipro,2024-04-28,True
163,Customer 163,41,Lviv,2024-05-01,True
164,Customer 164,41,Dnipro,2024-05-04,True
165,Customer 165,41,Kyiv,2024-05-07,True
166,Customer 166,64,Odesa,2024-05-10,True
167,Customer 167,36,Odesa,2024-05-13,False
168,Customer 168,27,Lviv,2024-05-16,True
169,Customer 169,37,Kyiv,2024-05-19,True
170,Customer 170,19,Kharkiv,2024-05-22,False
171,Customer 171,24,Lviv,2024-05-25,False
172,Customer 172,23,Kharkiv,2024-05-28,True
173,Customer 173,61,Odesa,2024-05-31,True
174,Customer 174,59,Lviv,2024-06-03,True
175,Customer 175,57,Dnipro,2024-06-06,True
176,Customer 176,44,Kyiv,2024-06-09,True
177,Customer 177,58,Kharkiv,2024-06-12,False
178,Customer 178,27,Kharkiv,2024-06-15,True
179,Customer 179,69,Lviv,2024-06-18,True
180,Customer 180,46,Lviv,2024-06-21,False
181,Customer 181,71,Kyiv,2024-06-24,True
182,Customer 182,26,Dnipro,2024-06-27,False
183,Customer 183,46,Dnipro,2024-06-30,False
184,Customer 184,57,Lviv,2024-07-03,True
185,Customer 185,46,Kyiv,2024-07-06,True
186,Customer 186,43,Kyiv,2024-07-09,False
187,Customer 187,27,Kyiv,2024-07-12,False
188,Customer 188,39,Dnipro,2024-07-15,False
189,Customer 189,31,Dnipro,2024-07-18,True
190,Customer 190,35,Kyiv,2024-07-21,False
191,Customer 191,56,Kharkiv,2024-07-24,True
192,Customer 192,53,Kyiv,2024-07-27,True
193,Customer 193,52,Lviv,2024-07-30,True
194,Customer 194,38,Odesa,2024-08-02,True
195,Customer 195,72,Kharkiv,2024-08-05,True
196,Customer 196,22,Dnipro,2024-08-08,True
197,Customer 197,37,Kyiv,2024-08-11,False
198,Customer 198,24,Kyiv,2024-08-14,True
199,Customer 199,37,Lviv,2024-08-17,True
200,Customer 200,72,Lviv,2024-08-20,True
